{
        "synthetic": false,
        "visualise": false,

        "covered_area": 50,
        "ensemble_size": 50,

        "initial_estimate": [3056, 0.0076, 0.0039],
        "initial_spread": [[60025, 0, 0], [0, 0.00001225, 0], [0, 0, 0.00001521]],

        "reference_smb": [2000, 0.0106, 0.0021, 3034, 100],

        "process_noise": 0,

        "year_interval": 20,
        "num_iterations": 5,

        "seed": 42
    }