{
    "final_mean": [
        2966.821762422642,
        9.016992782260855,
        2.546516763403382
    ],
    "final_std": [
        41.64632429436108,
        0.9510264540281921,
        1.191017214118025
    ],
    "final_ensemble": [
        [
            2930.4559142513167,
            9.833073399932584,
            4.6472969569311156
        ],
        [
            2962.3354933390906,
            9.33236951389806,
            2.6256527053407415
        ],
        [
            2992.4930361102383,
            8.653049632389928,
            2.5387972035107786
        ],
        [
            2904.7221455432696,
            10.089442182511975,
            3.516783934231662
        ],
        [
            2932.6931839195895,
            10.457994025708182,
            2.822230939222571
        ],
        [
            2947.583201309208,
            8.51644644304995,
            3.486875857027162
        ],
        [
            2981.9938024632293,
            9.470338760271254,
            0.2995324790603977
        ],
        [
            2925.173642018974,
            9.414616025459265,
            4.418393055787718
        ],
        [
            3010.5181930999,
            8.484781569623827,
            3.65045656295366
        ],
        [
            2941.824302510424,
            10.798545572953442,
            1.4196703270712305
        ],
        [
            2984.9572757356436,
            9.373727885852485,
            5.057787977504648
        ],
        [
            2962.138287261188,
            9.899137968679003,
            3.6809379836824268
        ],
        [
            3039.9062584608764,
            7.5902404931602065,
            3.4848805093063433
        ],
        [
            3050.8141418539044,
            7.666094306581975,
            3.426085016732518
        ],
        [
            2963.7859079892473,
            8.899917633516951,
            5.186283452971474
        ],
        [
            2976.3241625833116,
            8.15059467161881,
            3.454703583305208
        ],
        [
            2922.0986327558176,
            10.020216907785457,
            1.789605461355559
        ],
        [
            2958.492473703599,
            8.67427074137991,
            3.051452099282363
        ],
        [
            2962.344735602497,
            9.082280469226903,
            3.2005249002005565
        ],
        [
            2916.123306290078,
            8.421734063499533,
            2.6652279159991323
        ],
        [
            2949.4252093710775,
            9.09065785313064,
            0.5463797224081626
        ],
        [
            2883.3131319108975,
            9.18528575962681,
            2.3106197008524743
        ],
        [
            2906.67194387648,
            10.039285968651635,
            2.1322287291595776
        ],
        [
            2992.073112939414,
            8.263815633241721,
            3.410325445153858
        ],
        [
            2962.0525547190873,
            9.019866429475575,
            1.9684435691584277
        ],
        [
            2961.884131757657,
            8.26574444481314,
            1.54212124112573
        ],
        [
            3001.427155877213,
            8.587174625840499,
            2.331318711161355
        ],
        [
            3067.944836558573,
            7.708028595979221,
            2.819446063463655
        ],
        [
            2924.504239742372,
            10.200150298984475,
            1.4297057372002828
        ],
        [
            2995.0380236137335,
            7.766486174792246,
            4.091912789384849
        ],
        [
            2965.551894794697,
            9.82432865716677,
            3.3024048693744312
        ],
        [
            2907.7625159074796,
            10.66136800376104,
            2.3741121810073738
        ],
        [
            3006.668938923667,
            7.888017426093502,
            2.6720359551226434
        ],
        [
            2931.53317316073,
            10.850770430054283,
            2.5517314232719226
        ],
        [
            3033.694260930151,
            7.512820020366302,
            1.2778018068855497
        ],
        [
            3000.0910018087066,
            7.949669505008195,
            0.9206148025860965
        ],
        [
            3072.906070007188,
            7.0387859378788376,
            3.8350563742558443
        ],
        [
            2945.8812088475984,
            9.628253916484535,
            3.20326384207887
        ],
        [
            2909.703572910671,
            10.219635194023555,
            1.3346618485005455
        ],
        [
            2974.3393222122827,
            7.966711866955476,
            3.3513932040757055
        ],
        [
            3010.5572601393806,
            8.362357707776784,
            -1.1984583903282977
        ],
        [
            2954.7024062361957,
            9.408273580184886,
            1.6730105410255711
        ],
        [
            2934.6750673416836,
            10.452377438691176,
            1.6984789774183722
        ],
        [
            2957.395548920018,
            8.995420413382707,
            1.5592484172268868
        ],
        [
            2999.4652641563216,
            8.130804696186171,
            2.6012777547562855
        ],
        [
            3038.938760363409,
            7.939408762756497,
            1.0603045002032103
        ],
        [
            2984.213510015328,
            8.306538150846547,
            4.571658405367265
        ],
        [
            2977.6080387538445,
            8.42213916568927,
            2.975734874688255
        ],
        [
            2934.4353651429315,
            8.746609468214233,
            2.891867839057115
        ],
        [
            2947.3360628372193,
            8.105460773493114,
            2.615085825375242
        ],
        [
            2954.2458926476197,
            9.565777009357655,
            3.7696214892329962
        ],
        [
            2959.259010418344,
            8.735641855509055,
            2.0466314581171443
        ],
        [
            2970.290428463024,
            9.194200035002398,
            1.7605698623683848
        ],
        [
            2968.4836406773766,
            8.748721810020335,
            2.378356872858406
        ],
        [
            3006.527696529603,
            8.220829933988092,
            2.8809408817853335
        ],
        [
            3003.5502650256976,
            9.138512817109415,
            1.3243345203677104
        ],
        [
            2958.055593179612,
            8.860124176978795,
            2.0357374815459597
        ],
        [
            2896.892758469314,
            11.657038936969418,
            0.7126122632261547
        ],
        [
            2965.7734598402144,
            8.870815823621655,
            2.021704390125362
        ],
        [
            3011.3322847956947,
            8.194906695052145,
            2.910766882405278
        ],
        [
            2901.1863220793753,
            9.9462740428853,
            1.9617828222079878
        ],
        [
            3003.79842168648,
            9.047376381769626,
            2.6762918130974973
        ],
        [
            2923.3012997354367,
            10.083615709714763,
            0.6804916689169507
        ],
        [
            2955.3240409238415,
            9.458583670066472,
            3.5402647690667273
        ]
    ],
    "initial_smb": {
        "ela": 2718.076923076923,
        "gradabl": 11.22437366998976,
        "gradacc": 0.13944778902602017
    },
    "initial_spread": {
        "ela": 500,
        "gradabl": 5,
        "gradacc": 5
    },
    "init_offset": 50,
    "reference_smb": {
        "time": 2000,
        "ela": 2968.076923076923,
        "gradabl": 8.72437366998976,
        "gradacc": 2.63944778902602,
        "accmax": 2
    },