{
    "final_mean": [
        2936.3744786039847,
        12.843781333829211,
        1.9964719355084843
    ],
    "final_std": [
        33.157701508956194,
        1.040709488915614,
        1.0510805824954275
    ],
    "final_ensemble": [
        [
            2883.8553126533916,
            14.691120670556613,
            3.7035218543519735
        ],
        [
            2922.7920979729975,
            13.4538734148198,
            0.807367790336335
        ],
        [
            2956.268239213148,
            12.689498116372928,
            2.0447924330455622
        ],
        [
            2926.777678178647,
            13.667500358858558,
            2.0239953962520714
        ],
        [
            2971.4863722511454,
            12.400362399222372,
            3.292098925198958
        ],
        [
            2943.821628876622,
            12.52875491667985,
            1.909210353209831
        ],
        [
            2982.648487436144,
            11.698301807235435,
            3.0184565766810665
        ],
        [
            2883.5699007004073,
            13.839545022369348,
            2.465571726919053
        ],
        [
            2963.597331881416,
            11.990770130790388,
            1.853259831141174
        ],
        [
            2929.89441390986,
            12.578785917935607,
            2.873542709894872
        ],
        [
            2959.7897013838638,
            11.921131007167945,
            3.155731317949545
        ],
        [
            2962.2464925878367,
            12.621501050738868,
            0.051698803810600324
        ],
        [
            2902.9787886321287,
            14.34398109441932,
            2.182651209892486
        ],
        [
            2955.710992367322,
            12.347434462552442,
            3.0199649063685507
        ],
        [
            2938.166082811313,
            12.09691472977963,
            2.3560899696065727
        ],
        [
            2871.073179640581,
            14.33432829530573,
            0.19099082043722837
        ],
        [
            2939.703662582067,
            13.016733191340354,
            0.782683342990673
        ],
        [
            2903.369463993284,
            13.875246957413612,
            1.1750698348695698
        ],
        [
            2946.7900796730073,
            12.088936042472742,
            3.434816022475914
        ],
        [
            2912.894990271963,
            14.231308689320787,
            2.09533360612122
        ],
        [
            2924.7672748443833,
            13.277958601818197,
            3.2474243544348416
        ],
        [
            2973.161271707449,
            11.260586879830374,
            1.9164423533105812
        ],
        [
            2955.613144983485,
            12.782003619509258,
            1.1165513804182903
        ],
        [
            2872.2192731000837,
            14.87554405858099,
            0.1676227565959998
        ],
        [
            2918.614903846435,
            13.157208853203423,
            1.6661298457697786
        ],
        [
            2928.814689192934,
            13.658207840111102,
            0.7232255855765097
        ],
        [
            3017.351119054954,
            10.435802550689115,
            3.5961194743878955
        ],
        [
            2931.1806988837584,
            13.125922324317408,
            2.209610609137659
        ],
        [
            2962.7944961418093,
            11.810127961570425,
            2.1052899290093467
        ],
        [
            2916.3102720859374,
            12.44584744406442,
            0.18571568168925956
        ],
        [
            2926.019670378528,
            12.351549418203458,
            2.209185351040574
        ],
        [
            2979.7016040906187,
            11.40421485528423,
            2.30693718334749
        ]
    ],
    "initial_smb": {
        "ela": 3056,
        "gradabl": 7.6,
        "gradacc": 3.9
    },
    "initial_spread": {
        "ela": 245,
        "gradabl": 3.5,
        "gradacc": 3.9
    },
    "reference_smb": {
        "time": 2000,
        "ela": 2968.076923076923,
        "gradabl": 8.72437366998976,
        "gradacc": 2.63944778902602,
        "accmax": 2
    },
    "init_offset": 0,
    "ensemble_size": 32,
    "elevation_step": 50,
    "iterations": 6,
    "obs_uncertainty": 1,
    "synthetic": false,
    "seed": 3,
    "inflation": 1.0
}